delivery_person_id,city_code,restaurant_num,rider_num
DEHRES17DEL01,DEH,17,1
KOCRES16DEL01,KOC,16,1
PUNERES13DEL03,PUNE,13,3
LUDHRES15DEL02,LUDH,15,2
KNPRES14DEL02,KNP,14,2
MUMRES15DEL03,MUM,15,3
MYSRES01DEL01,MYS,1,1
PUNERES20DEL01,PUNE,20,1
HYDRES14DEL01,HYD,14,1
KOLRES15DEL03,KOL,15,3
PUNERES19DEL02,PUNE,19,2
RANCHIRES06DEL02,RANCHI,6,2
COIMBRES13DEL01,COIMB,13,1
CHENRES19DEL02,CHEN,19,2
MUMRES02DEL01,MUM,2,1
CHENRES01DEL01,CHEN,1,1
JAPRES16DEL03,JAP,16,3
SURRES15DEL03,SUR,15,3
BANGRES09DEL03,BANG,9,3
PUNERES04DEL01,PUNE,4,1
COIMBRES02DEL03,COIMB,2,3
SURRES16DEL02,SUR,16,2
GOARES15DEL02,GOA,15,2
GOARES07DEL01,GOA,7,1
RANCHIRES02DEL01,RANCHI,2,1
PUNERES02DEL01,PUNE,2,1
PUNERES18DEL01,PUNE,18,1
SURRES08DEL01,SUR,8,1
HYDRES17DEL02,HYD,17,2
BANGRES17DEL02,BANG,17,2
BANGRES17DEL01,BANG,17,1
CHENRES11DEL01,CHEN,11,1
MUMRES17DEL02,MUM,17,2
SURRES17DEL03,SUR,17,3
MUMRES07DEL01,MUM,7,1
KOLRES16DEL02,KOL,16,2
MUMRES02DEL03,MUM,2,3
BANGRES05DEL03,BANG,5,3
SURRES09DEL01,SUR,9,1
RANCHIRES15DEL01,RANCHI,15,1
BANGRES19DEL01,BANG,19,1
AURGRES20DEL03,AURG,20,3
COIMBRES14DEL02,COIMB,14,2
SURRES08DEL03,SUR,8,3
COIMBRES07DEL03,COIMB,7,3
AGRRES12DEL03,AGR,12,3
VADRES02DEL02,VAD,2,2
JAPRES14DEL01,JAP,14,1
VADRES04DEL03,VAD,4,3
JAPRES18DEL02,JAP,18,2
MYSRES04DEL03,MYS,4,3
SURRES12DEL01,SUR,12,1
MUMRES04DEL01,MUM,4,1
ALHRES07DEL02,ALH,7,2
DEHRES19DEL02,DEH,19,2
VADRES16DEL02,VAD,16,2
VADRES09DEL01,VAD,9,1
CHENRES12DEL03,CHEN,12,3
SURRES11DEL01,SUR,11,1
SURRES01DEL01,SUR,1,1
VADRES15DEL02,VAD,15,2
MYSRES14DEL02,MYS,14,2
BANGRES13DEL01,BANG,13,1
HYDRES13DEL03,HYD,13,3
BHPRES12DEL02,BHP,12,2
CHENRES11DEL03,CHEN,11,3
BANGRES010DEL03,BANG,10,3
VADRES20DEL01,VAD,20,1
BANGRES11DEL01,BANG,11,1
DEHRES01DEL01,DEH,1,1
CHENRES02DEL01,CHEN,2,1
JAPRES03DEL02,JAP,3,2
HYDRES04DEL03,HYD,4,3
PUNERES14DEL02,PUNE,14,2
GOARES04DEL01,GOA,4,1
AURGRES08DEL02,AURG,8,2
BANGRES12DEL01,BANG,12,1
HYDRES05DEL01,HYD,5,1
RANCHIRES17DEL01,RANCHI,17,1
AGRRES010DEL01,AGR,10,1
INDORES12DEL02,INDO,12,2
JAPRES15DEL03,JAP,15,3
SURRES16DEL01,SUR,16,1
MYSRES16DEL02,MYS,16,2
MUMRES05DEL03,MUM,5,3
COIMBRES19DEL02,COIMB,19,2
MYSRES07DEL01,MYS,7,1
PUNERES17DEL01,PUNE,17,1
HYDRES19DEL03,HYD,19,3
MUMRES14DEL02,MUM,14,2
COIMBRES02DEL01,COIMB,2,1
INDORES05DEL02,INDO,5,2
BANGRES03DEL03,BANG,3,3
MUMRES11DEL01,MUM,11,1
MYSRES12DEL02,MYS,12,2
SURRES09DEL02,SUR,9,2
COIMBRES12DEL02,COIMB,12,2
KNPRES05DEL02,KNP,5,2
SURRES05DEL02,SUR,5,2
MUMRES15DEL01,MUM,15,1
BANGRES15DEL02,BANG,15,2
RANCHIRES11DEL03,RANCHI,11,3
MYSRES08DEL01,MYS,8,1
RANCHIRES07DEL02,RANCHI,7,2
RANCHIRES01DEL03,RANCHI,1,3
JAPRES17DEL03,JAP,17,3
VADRES06DEL01,VAD,6,1
INDORES14DEL01,INDO,14,1
COIMBRES17DEL01,COIMB,17,1
KNPRES17DEL02,KNP,17,2
RANCHIRES04DEL01,RANCHI,4,1
KOLRES17DEL03,KOL,17,3
BANGRES19DEL02,BANG,19,2
MUMRES17DEL01,MUM,17,1
SURRES14DEL01,SUR,14,1
VADRES14DEL03,VAD,14,3
PUNERES09DEL02,PUNE,9,2
INDORES19DEL02,INDO,19,2
BANGRES12DEL02,BANG,12,2
VADRES04DEL01,VAD,4,1
BANGRES11DEL03,BANG,11,3
COIMBRES13DEL03,COIMB,13,3
PUNERES05DEL03,PUNE,5,3
CHENRES19DEL01,CHEN,19,1
HYDRES02DEL03,HYD,2,3
SURRES010DEL02,SUR,10,2
SURRES03DEL01,SUR,3,1
COIMBRES17DEL03,COIMB,17,3
VADRES08DEL01,VAD,8,1
MUMRES08DEL01,MUM,8,1
VADRES18DEL01,VAD,18,1
BANGRES04DEL03,BANG,4,3
RANCHIRES12DEL02,RANCHI,12,2
MYSRES13DEL01,MYS,13,1
COIMBRES03DEL02,COIMB,3,2
KOLRES04DEL03,KOL,4,3
COIMBRES11DEL01,COIMB,11,1
VADRES13DEL03,VAD,13,3
RANCHIRES04DEL02,RANCHI,4,2
SURRES01DEL02,SUR,1,2
INDORES08DEL02,INDO,8,2
HYDRES18DEL03,HYD,18,3
CHENRES07DEL03,CHEN,7,3
KOCRES010DEL01,KOC,10,1
VADRES11DEL02,VAD,11,2
CHENRES20DEL01,CHEN,20,1
MUMRES13DEL01,MUM,13,1
RANCHIRES03DEL03,RANCHI,3,3
JAPRES08DEL02,JAP,8,2
ALHRES12DEL01,ALH,12,1
HYDRES19DEL02,HYD,19,2
PUNERES17DEL03,PUNE,17,3
MYSRES010DEL01,MYS,10,1
JAPRES03DEL01,JAP,3,1
MUMRES06DEL03,MUM,6,3
MYSRES18DEL01,MYS,18,1
RANCHIRES18DEL01,RANCHI,18,1
INDORES06DEL02,INDO,6,2
CHENRES15DEL03,CHEN,15,3
JAPRES07DEL02,JAP,7,2
SURRES18DEL03,SUR,18,3
SURRES19DEL01,SUR,19,1
HYDRES04DEL01,HYD,4,1
KNPRES16DEL03,KNP,16,3
MYSRES12DEL03,MYS,12,3
JAPRES09DEL01,JAP,9,1
CHENRES04DEL02,CHEN,4,2
MYSRES09DEL01,MYS,9,1
PUNERES19DEL03,PUNE,19,3
KOLRES18DEL03,KOL,18,3
BANGRES14DEL03,BANG,14,3
INDORES09DEL01,INDO,9,1
PUNERES09DEL03,PUNE,9,3
RANCHIRES01DEL02,RANCHI,1,2
LUDHRES010DEL03,LUDH,10,3
MYSRES13DEL02,MYS,13,2
COIMBRES11DEL02,COIMB,11,2
VADRES13DEL02,VAD,13,2
BANGRES01DEL01,BANG,1,1
MYSRES15DEL01,MYS,15,1
CHENRES02DEL03,CHEN,2,3
HYDRES12DEL01,HYD,12,1
BANGRES07DEL01,BANG,7,1
CHENRES09DEL01,CHEN,9,1
BANGRES04DEL02,BANG,4,2
JAPRES13DEL02,JAP,13,2
ALHRES07DEL03,ALH,7,3
JAPRES06DEL03,JAP,6,3
KOCRES03DEL01,KOC,3,1
GOARES02DEL01,GOA,2,1
RANCHIRES03DEL02,RANCHI,3,2
HYDRES12DEL03,HYD,12,3
JAPRES13DEL03,JAP,13,3
JAPRES18DEL03,JAP,18,3
VADRES05DEL01,VAD,5,1
AURGRES02DEL03,AURG,2,3
RANCHIRES14DEL01,RANCHI,14,1
MUMRES20DEL03,MUM,20,3
HYDRES14DEL02,HYD,14,2
KNPRES02DEL02,KNP,2,2
AURGRES19DEL01,AURG,19,1
BANGRES08DEL02,BANG,8,2
KNPRES16DEL01,KNP,16,1
BANGRES010DEL02,BANG,10,2
INDORES03DEL02,INDO,3,2
COIMBRES16DEL02,COIMB,16,2
HYDRES20DEL01,HYD,20,1
AGRRES08DEL03,AGR,8,3
COIMBRES15DEL02,COIMB,15,2
ALHRES05DEL01,ALH,5,1
MUMRES01DEL01,MUM,1,1
AURGRES14DEL03,AURG,14,3
PUNERES16DEL01,PUNE,16,1
CHENRES14DEL02,CHEN,14,2
HYDRES06DEL03,HYD,6,3
COIMBRES16DEL01,COIMB,16,1
INDORES13DEL03,INDO,13,3
INDORES12DEL03,INDO,12,3
MUMRES13DEL03,MUM,13,3
CHENRES06DEL02,CHEN,6,2
BANGRES06DEL03,BANG,6,3
AGRRES11DEL02,AGR,11,2
KNPRES15DEL02,KNP,15,2
VADRES13DEL01,VAD,13,1
VADRES01DEL03,VAD,1,3
AGRRES03DEL01,AGR,3,1
KOCRES14DEL01,KOC,14,1
LUDHRES18DEL01,LUDH,18,1
SURRES20DEL02,SUR,20,2
INDORES18DEL02,INDO,18,2
AURGRES04DEL02,AURG,4,2
BANGRES010DEL01,BANG,10,1
VADRES15DEL03,VAD,15,3
DEHRES010DEL01,DEH,10,1
CHENRES05DEL02,CHEN,5,2
DEHRES12DEL02,DEH,12,2
VADRES01DEL01,VAD,1,1
SURRES13DEL02,SUR,13,2
LUDHRES05DEL03,LUDH,5,3
PUNERES02DEL03,PUNE,2,3
COIMBRES14DEL01,COIMB,14,1
AGRRES010DEL02,AGR,10,2
SURRES14DEL03,SUR,14,3
JAPRES04DEL03,JAP,4,3
JAPRES01DEL03,JAP,1,3
HYDRES010DEL02,HYD,10,2
CHENRES15DEL02,CHEN,15,2
MYSRES05DEL02,MYS,5,2
COIMBRES03DEL03,COIMB,3,3
BANGRES01DEL02,BANG,1,2
KNPRES12DEL01,KNP,12,1
MUMRES010DEL01,MUM,10,1
COIMBRES20DEL03,COIMB,20,3
RANCHIRES08DEL01,RANCHI,8,1
HYDRES16DEL01,HYD,16,1
MUMRES01DEL02,MUM,1,2
MYSRES08DEL03,MYS,8,3
AURGRES16DEL03,AURG,16,3
VADRES11DEL01,VAD,11,1
MYSRES09DEL02,MYS,9,2
PUNERES05DEL02,PUNE,5,2
MYSRES02DEL03,MYS,2,3
MYSRES03DEL01,MYS,3,1
JAPRES16DEL02,JAP,16,2
SURRES15DEL02,SUR,15,2
MUMRES19DEL03,MUM,19,3
HYDRES05DEL03,HYD,5,3
AURGRES12DEL02,AURG,12,2
MUMRES07DEL03,MUM,7,3
VADRES12DEL03,VAD,12,3
JAPRES16DEL01,JAP,16,1
BANGRES09DEL02,BANG,9,2
PUNERES12DEL02,PUNE,12,2
SURRES07DEL01,SUR,7,1
PUNERES19DEL01,PUNE,19,1
INDORES15DEL03,INDO,15,3
INDORES17DEL03,INDO,17,3
MUMRES13DEL02,MUM,13,2
SURRES18DEL02,SUR,18,2
RANCHIRES010DEL02,RANCHI,10,2
BANGRES13DEL02,BANG,13,2
RANCHIRES01DEL01,RANCHI,1,1
PUNERES12DEL01,PUNE,12,1
INDORES07DEL03,INDO,7,3
BANGRES20DEL01,BANG,20,1
MYSRES02DEL02,MYS,2,2
SURRES05DEL01,SUR,5,1
SURRES010DEL01,SUR,10,1
ALHRES09DEL01,ALH,9,1
HYDRES18DEL02,HYD,18,2
KOLRES03DEL02,KOL,3,2
RANCHIRES16DEL01,RANCHI,16,1
BANGRES16DEL03,BANG,16,3
PUNERES06DEL01,PUNE,6,1
CHENRES15DEL01,CHEN,15,1
JAPRES010DEL03,JAP,10,3
MYSRES15DEL02,MYS,15,2
COIMBRES19DEL01,COIMB,19,1
COIMBRES09DEL03,COIMB,9,3
SURRES19DEL02,SUR,19,2
BANGRES20DEL03,BANG,20,3
CHENRES16DEL03,CHEN,16,3
RANCHIRES12DEL03,RANCHI,12,3
HYDRES11DEL03,HYD,11,3
DEHRES19DEL01,DEH,19,1
RANCHIRES18DEL03,RANCHI,18,3
VADRES07DEL01,VAD,7,1
JAPRES07DEL03,JAP,7,3
INDORES07DEL01,INDO,7,1
AURGRES03DEL01,AURG,3,1
CHENRES17DEL01,CHEN,17,1
JAPRES20DEL03,JAP,20,3
KOCRES14DEL02,KOC,14,2
COIMBRES09DEL02,COIMB,9,2
CHENRES08DEL03,CHEN,8,3
INDORES010DEL03,INDO,10,3
SURRES04DEL03,SUR,4,3
BANGRES16DEL01,BANG,16,1
CHENRES14DEL01,CHEN,14,1
CHENRES03DEL01,CHEN,3,1
VADRES09DEL02,VAD,9,2
SURRES12DEL02,SUR,12,2
PUNERES11DEL03,PUNE,11,3
RANCHIRES18DEL02,RANCHI,18,2
BANGRES15DEL01,BANG,15,1
GOARES17DEL01,GOA,17,1
JAPRES19DEL02,JAP,19,2
KOLRES18DEL01,KOL,18,1
SURRES07DEL02,SUR,7,2
INDORES12DEL01,INDO,12,1
LUDHRES16DEL01,LUDH,16,1
RANCHIRES06DEL03,RANCHI,6,3
DEHRES13DEL02,DEH,13,2
MYSRES06DEL03,MYS,6,3
MUMRES16DEL01,MUM,16,1
BANGRES08DEL01,BANG,8,1
MYSRES20DEL01,MYS,20,1
AGRRES01DEL02,AGR,1,2
CHENRES010DEL01,CHEN,10,1
COIMBRES20DEL02,COIMB,20,2
COIMBRES14DEL03,COIMB,14,3
CHENRES010DEL02,CHEN,10,2
MUMRES07DEL02,MUM,7,2
ALHRES11DEL01,ALH,11,1
DEHRES07DEL02,DEH,7,2
INDORES08DEL03,INDO,8,3
HYDRES01DEL01,HYD,1,1
ALHRES11DEL02,ALH,11,2
BANGRES20DEL02,BANG,20,2
KOCRES20DEL01,KOC,20,1
HYDRES04DEL02,HYD,4,2
LUDHRES07DEL02,LUDH,7,2
PUNERES010DEL01,PUNE,10,1
VADRES010DEL02,VAD,10,2
BANGRES14DEL02,BANG,14,2
COIMBRES05DEL03,COIMB,5,3
AURGRES07DEL02,AURG,7,2
KOCRES11DEL01,KOC,11,1
MYSRES17DEL01,MYS,17,1
HYDRES13DEL02,HYD,13,2
JAPRES14DEL03,JAP,14,3
AURGRES20DEL01,AURG,20,1
VADRES07DEL02,VAD,7,2
CHENRES08DEL02,CHEN,8,2
AURGRES05DEL02,AURG,5,2
JAPRES17DEL02,JAP,17,2
RANCHIRES04DEL03,RANCHI,4,3
KOLRES14DEL02,KOL,14,2
VADRES14DEL01,VAD,14,1
LUDHRES06DEL02,LUDH,6,2
HYDRES010DEL01,HYD,10,1
ALHRES08DEL03,ALH,8,3
PUNERES07DEL01,PUNE,7,1
JAPRES20DEL01,JAP,20,1
CHENRES14DEL03,CHEN,14,3
MUMRES14DEL03,MUM,14,3
DEHRES04DEL03,DEH,4,3
AURGRES03DEL03,AURG,3,3
VADRES16DEL01,VAD,16,1
INDORES02DEL03,INDO,2,3
ALHRES17DEL03,ALH,17,3
BANGRES08DEL03,BANG,8,3
AURGRES03DEL02,AURG,3,2
SURRES04DEL01,SUR,4,1
VADRES18DEL02,VAD,18,2
SURRES19DEL03,SUR,19,3
HYDRES07DEL01,HYD,7,1
INDORES15DEL02,INDO,15,2
COIMBRES12DEL03,COIMB,12,3
SURRES03DEL02,SUR,3,2
CHENRES02DEL02,CHEN,2,2
JAPRES13DEL01,JAP,13,1
AGRRES07DEL02,AGR,7,2
MYSRES11DEL02,MYS,11,2
PUNERES04DEL03,PUNE,4,3
MYSRES07DEL03,MYS,7,3
AGRRES02DEL03,AGR,2,3
VADRES06DEL03,VAD,6,3
JAPRES05DEL01,JAP,5,1
HYDRES03DEL02,HYD,3,2
HYDRES15DEL02,HYD,15,2
KOLRES03DEL03,KOL,3,3
PUNERES11DEL02,PUNE,11,2
INDORES01DEL02,INDO,1,2
COIMBRES17DEL02,COIMB,17,2
JAPRES08DEL03,JAP,8,3
HYDRES16DEL03,HYD,16,3
VADRES12DEL02,VAD,12,2
PUNERES01DEL03,PUNE,1,3
RANCHIRES14DEL02,RANCHI,14,2
PUNERES18DEL03,PUNE,18,3
COIMBRES010DEL01,COIMB,10,1
JAPRES02DEL01,JAP,2,1
MUMRES20DEL02,MUM,20,2
DEHRES08DEL03,DEH,8,3
JAPRES20DEL02,JAP,20,2
MYSRES19DEL03,MYS,19,3
BHPRES03DEL02,BHP,3,2
RANCHIRES11DEL02,RANCHI,11,2
COIMBRES15DEL01,COIMB,15,1
BANGRES09DEL01,BANG,9,1
MYSRES01DEL02,MYS,1,2
MYSRES19DEL02,MYS,19,2
RANCHIRES16DEL02,RANCHI,16,2
MYSRES16DEL01,MYS,16,1
SURRES18DEL01,SUR,18,1
BANGRES02DEL02,BANG,2,2
INDORES04DEL02,INDO,4,2
PUNERES15DEL01,PUNE,15,1
MYSRES14DEL03,MYS,14,3
VADRES14DEL02,VAD,14,2
HYDRES13DEL01,HYD,13,1
BANGRES03DEL02,BANG,3,2
ALHRES11DEL03,ALH,11,3
PUNERES14DEL01,PUNE,14,1
INDORES11DEL01,INDO,11,1
BHPRES15DEL03,BHP,15,3
ALHRES19DEL03,ALH,19,3
COIMBRES19DEL03,COIMB,19,3
JAPRES03DEL03,JAP,3,3
BANGRES04DEL01,BANG,4,1
ALHRES09DEL02,ALH,9,2
CHENRES06DEL03,CHEN,6,3
MUMRES16DEL02,MUM,16,2
CHENRES09DEL02,CHEN,9,2
COIMBRES02DEL02,COIMB,2,2
MYSRES05DEL03,MYS,5,3
BANGRES06DEL02,BANG,6,2
INDORES16DEL02,INDO,16,2
AURGRES11DEL01,AURG,11,1
RANCHIRES20DEL02,RANCHI,20,2
AURGRES09DEL03,AURG,9,3
KOLRES11DEL02,KOL,11,2
RANCHIRES010DEL01,RANCHI,10,1
JAPRES06DEL01,JAP,6,1
LUDHRES18DEL03,LUDH,18,3
GOARES19DEL01,GOA,19,1
KOLRES20DEL02,KOL,20,2
INDORES08DEL01,INDO,8,1
BHPRES03DEL03,BHP,3,3
VADRES19DEL03,VAD,19,3
JAPRES09DEL03,JAP,9,3
INDORES06DEL03,INDO,6,3
MUMRES09DEL03,MUM,9,3
SURRES010DEL03,SUR,10,3
DEHRES08DEL01,DEH,8,1
SURRES15DEL01,SUR,15,1
CHENRES05DEL03,CHEN,5,3
VADRES11DEL03,VAD,11,3
VADRES08DEL03,VAD,8,3
INDORES20DEL02,INDO,20,2
VADRES15DEL01,VAD,15,1
RANCHIRES15DEL03,RANCHI,15,3
LUDHRES04DEL03,LUDH,4,3
RANCHIRES17DEL02,RANCHI,17,2
JAPRES04DEL02,JAP,4,2
PUNERES06DEL02,PUNE,6,2
BHPRES11DEL03,BHP,11,3
PUNERES09DEL01,PUNE,9,1
JAPRES06DEL02,JAP,6,2
CHENRES18DEL03,CHEN,18,3
BANGRES17DEL03,BANG,17,3
GOARES19DEL02,GOA,19,2
MUMRES15DEL02,MUM,15,2
BHPRES04DEL01,BHP,4,1
KNPRES19DEL03,KNP,19,3
KOLRES04DEL01,KOL,4,1
RANCHIRES20DEL01,RANCHI,20,1
KOLRES12DEL01,KOL,12,1
COIMBRES06DEL03,COIMB,6,3
LUDHRES08DEL01,LUDH,8,1
HYDRES010DEL03,HYD,10,3
BHPRES14DEL03,BHP,14,3
MYSRES20DEL02,MYS,20,2
CHENRES18DEL01,CHEN,18,1
BANGRES14DEL01,BANG,14,1
COIMBRES04DEL02,COIMB,4,2
CHENRES09DEL03,CHEN,9,3
AGRRES02DEL02,AGR,2,2
RANCHIRES09DEL03,RANCHI,9,3
ALHRES010DEL02,ALH,10,2
HYDRES06DEL01,HYD,6,1
HYDRES20DEL02,HYD,20,2
COIMBRES07DEL02,COIMB,7,2
CHENRES18DEL02,CHEN,18,2
AURGRES01DEL02,AURG,1,2
MYSRES02DEL01,MYS,2,1
DEHRES02DEL01,DEH,2,1
JAPRES15DEL01,JAP,15,1
VADRES12DEL01,VAD,12,1
AURGRES13DEL02,AURG,13,2
HYDRES11DEL02,HYD,11,2
VADRES20DEL02,VAD,20,2
CHENRES13DEL02,CHEN,13,2
SURRES11DEL02,SUR,11,2
CHENRES17DEL02,CHEN,17,2
BANGRES11DEL02,BANG,11,2
LUDHRES13DEL03,LUDH,13,3
VADRES010DEL01,VAD,10,1
GOARES07DEL02,GOA,7,2
DEHRES14DEL02,DEH,14,2
INDORES14DEL02,INDO,14,2
JAPRES010DEL01,JAP,10,1
AGRRES04DEL02,AGR,4,2
VADRES09DEL03,VAD,9,3
CHENRES010DEL03,CHEN,10,3
HYDRES02DEL02,HYD,2,2
AGRRES09DEL03,AGR,9,3
VADRES01DEL02,VAD,1,2
RANCHIRES06DEL01,RANCHI,6,1
DEHRES12DEL03,DEH,12,3
AURGRES01DEL01,AURG,1,1
ALHRES18DEL02,ALH,18,2
GOARES20DEL01,GOA,20,1
MUMRES11DEL02,MUM,11,2
SURRES06DEL01,SUR,6,1
PUNERES07DEL02,PUNE,7,2
COIMBRES010DEL03,COIMB,10,3
VADRES04DEL02,VAD,4,2
COIMBRES06DEL01,COIMB,6,1
JAPRES05DEL03,JAP,5,3
GOARES17DEL03,GOA,17,3
PUNERES06DEL03,PUNE,6,3
AGRRES01DEL01,AGR,1,1
VADRES19DEL01,VAD,19,1
BHPRES07DEL02,BHP,7,2
RANCHIRES05DEL01,RANCHI,5,1
KOLRES17DEL02,KOL,17,2
INDORES18DEL01,INDO,18,1
BHPRES08DEL01,BHP,8,1
RANCHIRES16DEL03,RANCHI,16,3
RANCHIRES09DEL01,RANCHI,9,1
PUNERES02DEL02,PUNE,2,2
HYDRES11DEL01,HYD,11,1
CHENRES12DEL02,CHEN,12,2
HYDRES09DEL03,HYD,9,3
PUNERES08DEL03,PUNE,8,3
LUDHRES08DEL03,LUDH,8,3
BHPRES19DEL02,BHP,19,2
CHENRES04DEL03,CHEN,4,3
JAPRES12DEL03,JAP,12,3
INDORES13DEL02,INDO,13,2
HYDRES16DEL02,HYD,16,2
COIMBRES01DEL01,COIMB,1,1
KOCRES09DEL03,KOC,9,3
ALHRES20DEL02,ALH,20,2
MYSRES08DEL02,MYS,8,2
JAPRES05DEL02,JAP,5,2
SURRES02DEL01,SUR,2,1
PUNERES15DEL02,PUNE,15,2
INDORES05DEL01,INDO,5,1
HYDRES12DEL02,HYD,12,2
JAPRES11DEL03,JAP,11,3
MUMRES06DEL01,MUM,6,1
KOLRES14DEL03,KOL,14,3
BHPRES05DEL01,BHP,5,1
VADRES20DEL03,VAD,20,3
SURRES06DEL02,SUR,6,2
AGRRES16DEL01,AGR,16,1
MYSRES04DEL01,MYS,4,1
MUMRES20DEL01,MUM,20,1
BANGRES07DEL02,BANG,7,2
BANGRES18DEL03,BANG,18,3
RANCHIRES13DEL02,RANCHI,13,2
COIMBRES06DEL02,COIMB,6,2
LUDHRES12DEL02,LUDH,12,2
HYDRES03DEL03,HYD,3,3
LUDHRES20DEL03,LUDH,20,3
HYDRES07DEL02,HYD,7,2
MYSRES11DEL03,MYS,11,3
ALHRES12DEL02,ALH,12,2
AURGRES19DEL02,AURG,19,2
DEHRES17DEL03,DEH,17,3
CHENRES16DEL02,CHEN,16,2
INDORES09DEL02,INDO,9,2
HYDRES08DEL01,HYD,8,1
MYSRES010DEL02,MYS,10,2
GOARES11DEL03,GOA,11,3
BANGRES13DEL03,BANG,13,3
ALHRES12DEL03,ALH,12,3
MYSRES16DEL03,MYS,16,3
INDORES09DEL03,INDO,9,3
MYSRES20DEL03,MYS,20,3
VADRES05DEL02,VAD,5,2
MUMRES16DEL03,MUM,16,3
CHENRES04DEL01,CHEN,4,1
SURRES16DEL03,SUR,16,3
KNPRES11DEL02,KNP,11,2
PUNERES15DEL03,PUNE,15,3
KOCRES05DEL03,KOC,5,3
INDORES13DEL01,INDO,13,1
HYDRES02DEL01,HYD,2,1
RANCHIRES17DEL03,RANCHI,17,3
SURRES08DEL02,SUR,8,2
LUDHRES01DEL02,LUDH,1,2
AURGRES18DEL01,AURG,18,1
KNPRES08DEL02,KNP,8,2
BHPRES12DEL01,BHP,12,1
VADRES19DEL02,VAD,19,2
AURGRES14DEL01,AURG,14,1
HYDRES15DEL01,HYD,15,1
COIMBRES010DEL02,COIMB,10,2
PUNERES20DEL02,PUNE,20,2
SURRES13DEL03,SUR,13,3
KOLRES12DEL03,KOL,12,3
JAPRES15DEL02,JAP,15,2
PUNERES05DEL01,PUNE,5,1
BANGRES18DEL01,BANG,18,1
RANCHIRES08DEL02,RANCHI,8,2
BHPRES07DEL01,BHP,7,1
RANCHIRES13DEL03,RANCHI,13,3
KOLRES07DEL02,KOL,7,2
AGRRES08DEL02,AGR,8,2
INDORES07DEL02,INDO,7,2
MUMRES05DEL02,MUM,5,2
KOLRES15DEL01,KOL,15,1
PUNERES16DEL02,PUNE,16,2
SURRES20DEL01,SUR,20,1
BHPRES06DEL02,BHP,6,2
VADRES02DEL03,VAD,2,3
PUNERES08DEL02,PUNE,8,2
JAPRES18DEL01,JAP,18,1
LUDHRES04DEL01,LUDH,4,1
COIMBRES12DEL01,COIMB,12,1
MYSRES17DEL03,MYS,17,3
INDORES17DEL02,INDO,17,2
JAPRES12DEL01,JAP,12,1
BHPRES18DEL03,BHP,18,3
JAPRES04DEL01,JAP,4,1
CHENRES03DEL03,CHEN,3,3
AGRRES11DEL03,AGR,11,3
PUNERES010DEL03,PUNE,10,3
INDORES11DEL03,INDO,11,3
BANGRES06DEL01,BANG,6,1
RANCHIRES02DEL03,RANCHI,2,3
SURRES12DEL03,SUR,12,3
BHPRES04DEL03,BHP,4,3
MUMRES18DEL01,MUM,18,1
VADRES03DEL02,VAD,3,2
MUMRES02DEL02,MUM,2,2
CHENRES07DEL02,CHEN,7,2
CHENRES08DEL01,CHEN,8,1
KNPRES010DEL01,KNP,10,1
MYSRES18DEL03,MYS,18,3
KNPRES03DEL01,KNP,3,1
KNPRES01DEL03,KNP,1,3
PUNERES010DEL02,PUNE,10,2
MUMRES08DEL03,MUM,8,3
KOCRES15DEL03,KOC,15,3
CHENRES19DEL03,CHEN,19,3
GOARES010DEL03,GOA,10,3
AGRRES09DEL02,AGR,9,2
INDORES20DEL01,INDO,20,1
HYDRES05DEL02,HYD,5,2
MUMRES12DEL01,MUM,12,1
BANGRES02DEL03,BANG,2,3
AGRRES15DEL03,AGR,15,3
LUDHRES01DEL03,LUDH,1,3
LUDHRES02DEL03,LUDH,2,3
VADRES17DEL02,VAD,17,2
MUMRES010DEL03,MUM,10,3
PUNERES07DEL03,PUNE,7,3
LUDHRES07DEL03,LUDH,7,3
PUNERES12DEL03,PUNE,12,3
AGRRES15DEL01,AGR,15,1
AURGRES06DEL01,AURG,6,1
MYSRES05DEL01,MYS,5,1
COIMBRES13DEL02,COIMB,13,2
COIMBRES04DEL01,COIMB,4,1
KNPRES15DEL03,KNP,15,3
INDORES010DEL01,INDO,10,1
RANCHIRES02DEL02,RANCHI,2,2
MUMRES09DEL02,MUM,9,2
VADRES02DEL01,VAD,2,1
COIMBRES01DEL03,COIMB,1,3
MYSRES06DEL01,MYS,6,1
COIMBRES03DEL01,COIMB,3,1
MUMRES18DEL02,MUM,18,2
BANGRES02DEL01,BANG,2,1
RANCHIRES09DEL02,RANCHI,9,2
GOARES05DEL02,GOA,5,2
PUNERES13DEL02,PUNE,13,2
BANGRES01DEL03,BANG,1,3
CHENRES11DEL02,CHEN,11,2
VADRES16DEL03,VAD,16,3
MUMRES08DEL02,MUM,8,2
COIMBRES18DEL02,COIMB,18,2
MUMRES03DEL01,MUM,3,1
DEHRES13DEL01,DEH,13,1
DEHRES06DEL03,DEH,6,3
INDORES11DEL02,INDO,11,2
VADRES08DEL02,VAD,8,2
INDORES20DEL03,INDO,20,3
SURRES20DEL03,SUR,20,3
BANGRES12DEL03,BANG,12,3
CHENRES01DEL02,CHEN,1,2
KNPRES09DEL03,KNP,9,3
GOARES19DEL03,GOA,19,3
INDORES010DEL02,INDO,10,2
LUDHRES15DEL03,LUDH,15,3
MYSRES18DEL02,MYS,18,2
CHENRES07DEL01,CHEN,7,1
PUNERES03DEL01,PUNE,3,1
KOLRES13DEL03,KOL,13,3
HYDRES09DEL01,HYD,9,1
DEHRES14DEL03,DEH,14,3
MYSRES19DEL01,MYS,19,1
BHPRES08DEL02,BHP,8,2
INDORES03DEL03,INDO,3,3
PUNERES18DEL02,PUNE,18,2
VADRES03DEL03,VAD,3,3
AURGRES02DEL02,AURG,2,2
INDORES19DEL01,INDO,19,1
DEHRES09DEL02,DEH,9,2
SURRES17DEL02,SUR,17,2
SURRES14DEL02,SUR,14,2
KOCRES06DEL01,KOC,6,1
GOARES20DEL02,GOA,20,2
GOARES16DEL03,GOA,16,3
HYDRES18DEL01,HYD,18,1
KNPRES01DEL02,KNP,1,2
BANGRES19DEL03,BANG,19,3
MUMRES19DEL01,MUM,19,1
CHENRES12DEL01,CHEN,12,1
KOLRES19DEL01,KOL,19,1
COIMBRES18DEL03,COIMB,18,3
INDORES04DEL01,INDO,4,1
MUMRES03DEL02,MUM,3,2
ALHRES16DEL02,ALH,16,2
KNPRES14DEL01,KNP,14,1
RANCHIRES03DEL01,RANCHI,3,1
CHENRES20DEL03,CHEN,20,3
VADRES010DEL03,VAD,10,3
PUNERES11DEL01,PUNE,11,1
KNPRES04DEL02,KNP,4,2
JAPRES01DEL01,JAP,1,1
AURGRES16DEL01,AURG,16,1
INDORES02DEL01,INDO,2,1
MUMRES19DEL02,MUM,19,2
BHPRES17DEL01,BHP,17,1
JAPRES02DEL02,JAP,2,2
AGRRES03DEL02,AGR,3,2
LUDHRES20DEL01,LUDH,20,1
COIMBRES11DEL03,COIMB,11,3
BHPRES20DEL02,BHP,20,2
KOLRES06DEL03,KOL,6,3
INDORES06DEL01,INDO,6,1
KNPRES11DEL03,KNP,11,3
GOARES04DEL02,GOA,4,2
MUMRES18DEL03,MUM,18,3
LUDHRES09DEL02,LUDH,9,2
HYDRES08DEL03,HYD,8,3
KNPRES01DEL01,KNP,1,1
BHPRES02DEL02,BHP,2,2
HYDRES15DEL03,HYD,15,3
PUNERES17DEL02,PUNE,17,2
AGRRES04DEL01,AGR,4,1
MYSRES09DEL03,MYS,9,3
SURRES06DEL03,SUR,6,3
SURRES17DEL01,SUR,17,1
JAPRES11DEL01,JAP,11,1
RANCHIRES07DEL03,RANCHI,7,3
GOARES03DEL01,GOA,3,1
INDORES02DEL02,INDO,2,2
ALHRES04DEL03,ALH,4,3
BANGRES07DEL03,BANG,7,3
LUDHRES20DEL02,LUDH,20,2
PUNERES08DEL01,PUNE,8,1
ALHRES14DEL01,ALH,14,1
DEHRES02DEL03,DEH,2,3
LUDHRES11DEL01,LUDH,11,1
MUMRES04DEL03,MUM,4,3
RANCHIRES05DEL03,RANCHI,5,3
PUNERES16DEL03,PUNE,16,3
KOLRES01DEL02,KOL,1,2
MYSRES06DEL02,MYS,6,2
SURRES11DEL03,SUR,11,3
KNPRES19DEL01,KNP,19,1
INDORES03DEL01,INDO,3,1
PUNERES14DEL03,PUNE,14,3
LUDHRES08DEL02,LUDH,8,2
BHPRES010DEL03,BHP,10,3
LUDHRES05DEL02,LUDH,5,2
RANCHIRES19DEL01,RANCHI,19,1
DEHRES17DEL02,DEH,17,2
INDORES15DEL01,INDO,15,1
HYDRES06DEL02,HYD,6,2
MYSRES11DEL01,MYS,11,1
COIMBRES05DEL01,COIMB,5,1
HYDRES03DEL01,HYD,3,1
RANCHIRES15DEL02,RANCHI,15,2
COIMBRES18DEL01,COIMB,18,1
RANCHIRES010DEL03,RANCHI,10,3
AGRRES17DEL03,AGR,17,3
GOARES12DEL02,GOA,12,2
JAPRES07DEL01,JAP,7,1
KOLRES06DEL01,KOL,6,1
BHPRES09DEL01,BHP,9,1
AURGRES12DEL03,AURG,12,3
DEHRES11DEL03,DEH,11,3
CHENRES13DEL03,CHEN,13,3
COIMBRES07DEL01,COIMB,7,1
DEHRES07DEL03,DEH,7,3
KOLRES05DEL03,KOL,5,3
COIMBRES05DEL02,COIMB,5,2
JAPRES11DEL02,JAP,11,2
ALHRES16DEL03,ALH,16,3
PUNERES01DEL02,PUNE,1,2
RANCHIRES12DEL01,RANCHI,12,1
RANCHIRES19DEL03,RANCHI,19,3
DEHRES18DEL01,DEH,18,1
AGRRES13DEL01,AGR,13,1
GOARES010DEL01,GOA,10,1
MYSRES15DEL03,MYS,15,3
INDORES16DEL03,INDO,16,3
SURRES02DEL02,SUR,2,2
BANGRES05DEL01,BANG,5,1
GOARES14DEL03,GOA,14,3
AGRRES14DEL02,AGR,14,2
LUDHRES03DEL03,LUDH,3,3
COIMBRES09DEL01,COIMB,9,1
DEHRES11DEL01,DEH,11,1
MYSRES07DEL02,MYS,7,2
HYDRES17DEL03,HYD,17,3
AGRRES20DEL03,AGR,20,3
MUMRES010DEL02,MUM,10,2
DEHRES20DEL01,DEH,20,1
GOARES010DEL02,GOA,10,2
MYSRES14DEL01,MYS,14,1
SURRES04DEL02,SUR,4,2
CHENRES01DEL03,CHEN,1,3
MUMRES01DEL03,MUM,1,3
RANCHIRES11DEL01,RANCHI,11,1
ALHRES06DEL01,ALH,6,1
BHPRES13DEL02,BHP,13,2
RANCHIRES20DEL03,RANCHI,20,3
JAPRES19DEL03,JAP,19,3
BANGRES18DEL02,BANG,18,2
BANGRES15DEL03,BANG,15,3
BHPRES16DEL02,BHP,16,2
JAPRES010DEL02,JAP,10,2
JAPRES09DEL02,JAP,9,2
AURGRES06DEL02,AURG,6,2
MYSRES13DEL03,MYS,13,3
MYSRES010DEL03,MYS,10,3
LUDHRES010DEL02,LUDH,10,2
DEHRES04DEL01,DEH,4,1
AGRRES18DEL02,AGR,18,2
KNPRES15DEL01,KNP,15,1
MUMRES17DEL03,MUM,17,3
BANGRES05DEL02,BANG,5,2
JAPRES01DEL02,JAP,1,2
PUNERES03DEL02,PUNE,3,2
KOLRES04DEL02,KOL,4,2
KNPRES08DEL01,KNP,8,1
KOCRES13DEL02,KOC,13,2
VADRES17DEL01,VAD,17,1
JAPRES14DEL02,JAP,14,2
INDORES01DEL03,INDO,1,3
HYDRES19DEL01,HYD,19,1
AGRRES05DEL02,AGR,5,2
KOCRES19DEL02,KOC,19,2
BHPRES18DEL01,BHP,18,1
MYSRES17DEL02,MYS,17,2
VADRES07DEL03,VAD,7,3
KNPRES13DEL03,KNP,13,3
JAPRES08DEL01,JAP,8,1
INDORES05DEL03,INDO,5,3
RANCHIRES13DEL01,RANCHI,13,1
KOCRES16DEL02,KOC,16,2
KOLRES16DEL01,KOL,16,1
GOARES09DEL01,GOA,9,1
ALHRES20DEL01,ALH,20,1
HYDRES01DEL02,HYD,1,2
SURRES02DEL03,SUR,2,3
INDORES18DEL03,INDO,18,3
CHENRES17DEL03,CHEN,17,3
MUMRES06DEL02,MUM,6,2
HYDRES17DEL01,HYD,17,1
RANCHIRES07DEL01,RANCHI,7,1
MUMRES11DEL03,MUM,11,3
CHENRES20DEL02,CHEN,20,2
KOCRES12DEL03,KOC,12,3
BANGRES16DEL02,BANG,16,2
HYDRES14DEL03,HYD,14,3
PUNERES01DEL01,PUNE,1,1
KNPRES03DEL02,KNP,3,2
AGRRES19DEL01,AGR,19,1
ALHRES01DEL02,ALH,1,2
DEHRES16DEL03,DEH,16,3
SURRES09DEL03,SUR,9,3
GOARES14DEL01,GOA,14,1
KOLRES08DEL02,KOL,8,2
HYDRES20DEL03,HYD,20,3
AGRRES17DEL01,AGR,17,1
CHENRES16DEL01,CHEN,16,1
GOARES05DEL03,GOA,5,3
KNPRES06DEL03,KNP,6,3
KOCRES17DEL01,KOC,17,1
VADRES05DEL03,VAD,5,3
KOLRES08DEL03,KOL,8,3
INDORES16DEL01,INDO,16,1
JAPRES19DEL01,JAP,19,1
DEHRES05DEL03,DEH,5,3
KOCRES15DEL02,KOC,15,2
JAPRES02DEL03,JAP,2,3
AGRRES16DEL03,AGR,16,3
ALHRES18DEL01,ALH,18,1
VADRES03DEL01,VAD,3,1
CHENRES05DEL01,CHEN,5,1
ALHRES07DEL01,ALH,7,1
COIMBRES15DEL03,COIMB,15,3
INDORES17DEL01,INDO,17,1
GOARES18DEL03,GOA,18,3
AGRRES14DEL03,AGR,14,3
DEHRES16DEL02,DEH,16,2
AURGRES02DEL01,AURG,2,1
COIMBRES08DEL03,COIMB,8,3
LUDHRES17DEL01,LUDH,17,1
INDORES14DEL03,INDO,14,3
COIMBRES08DEL02,COIMB,8,2
GOARES01DEL01,GOA,1,1
JAPRES12DEL02,JAP,12,2
COIMBRES16DEL03,COIMB,16,3
BHPRES20DEL01,BHP,20,1
AURGRES010DEL01,AURG,10,1
KOCRES09DEL02,KOC,9,2
MUMRES05DEL01,MUM,5,1
VADRES17DEL03,VAD,17,3
KNPRES16DEL02,KNP,16,2
KNPRES04DEL03,KNP,4,3
KOCRES03DEL02,KOC,3,2
PUNERES13DEL01,PUNE,13,1
HYDRES08DEL02,HYD,8,2
GOARES08DEL03,GOA,8,3
BHPRES13DEL01,BHP,13,1
AURGRES12DEL01,AURG,12,1
CHENRES03DEL02,CHEN,3,2
GOARES06DEL02,GOA,6,2
KOLRES16DEL03,KOL,16,3
AURGRES04DEL01,AURG,4,1
KNPRES12DEL02,KNP,12,2
MYSRES04DEL02,MYS,4,2
RANCHIRES14DEL03,RANCHI,14,3
PUNERES03DEL03,PUNE,3,3
MYSRES01DEL03,MYS,1,3
MUMRES04DEL02,MUM,4,2
KOLRES14DEL01,KOL,14,1
COIMBRES04DEL03,COIMB,4,3
DEHRES03DEL03,DEH,3,3
KOLRES010DEL02,KOL,10,2
SURRES03DEL03,SUR,3,3
SURRES05DEL03,SUR,5,3
GOARES09DEL02,GOA,9,2
KOLRES12DEL02,KOL,12,2
CHENRES13DEL01,CHEN,13,1
LUDHRES12DEL03,LUDH,12,3
MUMRES09DEL01,MUM,9,1
MUMRES03DEL03,MUM,3,3
DEHRES010DEL03,DEH,10,3
KNPRES010DEL03,KNP,10,3
KOLRES19DEL03,KOL,19,3
GOARES12DEL01,GOA,12,1
DEHRES11DEL02,DEH,11,2
SURRES07DEL03,SUR,7,3
HYDRES01DEL03,HYD,1,3
LUDHRES19DEL01,LUDH,19,1
AURGRES18DEL03,AURG,18,3
KOCRES08DEL02,KOC,8,2
ALHRES03DEL03,ALH,3,3
AURGRES05DEL03,AURG,5,3
PUNERES04DEL02,PUNE,4,2
GOARES02DEL03,GOA,2,3
KNPRES07DEL03,KNP,7,3
BHPRES02DEL01,BHP,2,1
ALHRES01DEL01,ALH,1,1
KOCRES13DEL03,KOC,13,3
SURRES13DEL01,SUR,13,1
MYSRES12DEL01,MYS,12,1
KNPRES13DEL02,KNP,13,2
KOLRES18DEL02,KOL,18,2
KOCRES15DEL01,KOC,15,1
BHPRES01DEL03,BHP,1,3
LUDHRES02DEL01,LUDH,2,1
GOARES16DEL01,GOA,16,1
GOARES15DEL01,GOA,15,1
LUDHRES14DEL03,LUDH,14,3
GOARES13DEL02,GOA,13,2
AGRRES12DEL02,AGR,12,2
DEHRES13DEL03,DEH,13,3
AURGRES15DEL02,AURG,15,2
DEHRES09DEL03,DEH,9,3
VADRES06DEL02,VAD,6,2
DEHRES15DEL01,DEH,15,1
LUDHRES13DEL01,LUDH,13,1
LUDHRES03DEL01,LUDH,3,1
COIMBRES01DEL02,COIMB,1,2
ALHRES14DEL02,ALH,14,2
RANCHIRES08DEL03,RANCHI,8,3
AURGRES18DEL02,AURG,18,2
KOCRES010DEL03,KOC,10,3
KNPRES19DEL02,KNP,19,2
AURGRES19DEL03,AURG,19,3
KOCRES010DEL02,KOC,10,2
MUMRES12DEL03,MUM,12,3
AURGRES08DEL01,AURG,8,1
AURGRES13DEL03,AURG,13,3
KOLRES19DEL02,KOL,19,2
DEHRES16DEL01,DEH,16,1
CHENRES06DEL01,CHEN,6,1
KNPRES11DEL01,KNP,11,1
BHPRES03DEL01,BHP,3,1
INDORES04DEL03,INDO,4,3
KOLRES010DEL03,KOL,10,3
AGRRES07DEL01,AGR,7,1
INDORES19DEL03,INDO,19,3
BHPRES12DEL03,BHP,12,3
GOARES13DEL03,GOA,13,3
KOCRES14DEL03,KOC,14,3
HYDRES09DEL02,HYD,9,2
KOCRES18DEL01,KOC,18,1
KNPRES02DEL03,KNP,2,3
KOLRES09DEL02,KOL,9,2
GOARES14DEL02,GOA,14,2
HYDRES07DEL03,HYD,7,3
KOCRES12DEL01,KOC,12,1
ALHRES13DEL03,ALH,13,3
DEHRES06DEL02,DEH,6,2
KOLRES15DEL02,KOL,15,2
AGRRES17DEL02,AGR,17,2
VADRES18DEL03,VAD,18,3
LUDHRES14DEL01,LUDH,14,1
BHPRES06DEL01,BHP,6,1
AURGRES07DEL03,AURG,7,3
ALHRES18DEL03,ALH,18,3
GOARES04DEL03,GOA,4,3
RANCHIRES05DEL02,RANCHI,5,2
GOARES09DEL03,GOA,9,3
COIMBRES08DEL01,COIMB,8,1
AGRRES01DEL03,AGR,1,3
KOLRES20DEL03,KOL,20,3
DEHRES05DEL01,DEH,5,1
ALHRES03DEL01,ALH,3,1
KOLRES03DEL01,KOL,3,1
LUDHRES11DEL02,LUDH,11,2
KNPRES13DEL01,KNP,13,1
AURGRES08DEL03,AURG,8,3
AGRRES06DEL03,AGR,6,3
KOCRES08DEL01,KOC,8,1
ALHRES14DEL03,ALH,14,3
DEHRES18DEL02,DEH,18,2
AGRRES15DEL02,AGR,15,2
LUDHRES11DEL03,LUDH,11,3
BHPRES15DEL02,BHP,15,2
GOARES11DEL02,GOA,11,2
PUNERES20DEL03,PUNE,20,3
LUDHRES09DEL03,LUDH,9,3
DEHRES04DEL02,DEH,4,2
GOARES07DEL03,GOA,7,3
BHPRES010DEL01,BHP,10,1
INDORES01DEL01,INDO,1,1
KOCRES01DEL03,KOC,1,3
KOCRES05DEL02,KOC,5,2
KOCRES02DEL01,KOC,2,1
RANCHIRES19DEL02,RANCHI,19,2
MUMRES12DEL02,MUM,12,2
KOCRES03DEL03,KOC,3,3
KOCRES12DEL02,KOC,12,2
GOARES16DEL02,GOA,16,2
ALHRES08DEL02,ALH,8,2
AGRRES07DEL03,AGR,7,3
KNPRES17DEL03,KNP,17,3
AURGRES09DEL02,AURG,9,2
KNPRES18DEL02,KNP,18,2
LUDHRES19DEL02,LUDH,19,2
ALHRES04DEL01,ALH,4,1
GOARES03DEL02,GOA,3,2
ALHRES01DEL03,ALH,1,3
LUDHRES16DEL02,LUDH,16,2
KOCRES07DEL02,KOC,7,2
MYSRES03DEL03,MYS,3,3
AGRRES03DEL03,AGR,3,3
AURGRES20DEL02,AURG,20,2
KOLRES17DEL01,KOL,17,1
LUDHRES17DEL03,LUDH,17,3
SURRES01DEL03,SUR,1,3
ALHRES17DEL01,ALH,17,1
KOLRES08DEL01,KOL,8,1
KOCRES11DEL03,KOC,11,3
LUDHRES02DEL02,LUDH,2,2
BHPRES07DEL03,BHP,7,3
BHPRES01DEL01,BHP,1,1
COIMBRES20DEL01,COIMB,20,1
DEHRES19DEL03,DEH,19,3
BHPRES13DEL03,BHP,13,3
BHPRES01DEL02,BHP,1,2
AURGRES17DEL03,AURG,17,3
AURGRES14DEL02,AURG,14,2
KOLRES09DEL03,KOL,9,3
KNPRES07DEL02,KNP,7,2
AGRRES04DEL03,AGR,4,3
AGRRES13DEL02,AGR,13,2
AGRRES09DEL01,AGR,9,1
GOARES11DEL01,GOA,11,1
LUDHRES06DEL03,LUDH,6,3
AURGRES15DEL03,AURG,15,3
BHPRES16DEL01,BHP,16,1
KOLRES11DEL03,KOL,11,3
DEHRES15DEL03,DEH,15,3
KOCRES07DEL01,KOC,7,1
GOARES01DEL02,GOA,1,2
ALHRES08DEL01,ALH,8,1
DEHRES07DEL01,DEH,7,1
LUDHRES17DEL02,LUDH,17,2
KNPRES010DEL02,KNP,10,2
KOLRES11DEL01,KOL,11,1
DEHRES09DEL01,DEH,9,1
KOLRES13DEL02,KOL,13,2
KOCRES16DEL03,KOC,16,3
BHPRES04DEL02,BHP,4,2
KNPRES03DEL03,KNP,3,3
KOLRES02DEL03,KOL,2,3
ALHRES15DEL03,ALH,15,3
BANGRES03DEL01,BANG,3,1
AGRRES13DEL03,AGR,13,3
KOCRES02DEL02,KOC,2,2
KOLRES02DEL01,KOL,2,1
ALHRES05DEL03,ALH,5,3
AGRRES06DEL01,AGR,6,1
ALHRES02DEL02,ALH,2,2
DEHRES15DEL02,DEH,15,2
KOCRES04DEL02,KOC,4,2
KOCRES18DEL03,KOC,18,3
BHPRES16DEL03,BHP,16,3
KNPRES05DEL03,KNP,5,3
KOLRES06DEL02,KOL,6,2
JAPRES17DEL01,JAP,17,1
AGRRES05DEL01,AGR,5,1
KNPRES12DEL03,KNP,12,3
DEHRES20DEL02,DEH,20,2
ALHRES09DEL03,ALH,9,3
AURGRES17DEL02,AURG,17,2
AGRRES19DEL02,AGR,19,2
LUDHRES15DEL01,LUDH,15,1
GOARES15DEL03,GOA,15,3
KNPRES07DEL01,KNP,7,1
LUDHRES16DEL03,LUDH,16,3
KNPRES14DEL03,KNP,14,3
KNPRES09DEL02,KNP,9,2
BHPRES15DEL01,BHP,15,1
KNPRES06DEL01,KNP,6,1
DEHRES06DEL01,DEH,6,1
ALHRES06DEL02,ALH,6,2
ALHRES010DEL01,ALH,10,1
KOLRES05DEL01,KOL,5,1
AGRRES010DEL03,AGR,10,3
GOARES02DEL02,GOA,2,2
KOLRES01DEL03,KOL,1,3
KNPRES09DEL01,KNP,9,1
DEHRES14DEL01,DEH,14,1
ALHRES04DEL02,ALH,4,2
ALHRES010DEL03,ALH,10,3
AGRRES14DEL01,AGR,14,1
LUDHRES13DEL02,LUDH,13,2
LUDHRES05DEL01,LUDH,5,1
GOARES08DEL02,GOA,8,2
AURGRES15DEL01,AURG,15,1
GOARES08DEL01,GOA,8,1
BHPRES17DEL03,BHP,17,3
BHPRES010DEL02,BHP,10,2
AURGRES07DEL01,AURG,7,1
GOARES13DEL01,GOA,13,1
ALHRES15DEL02,ALH,15,2
DEHRES01DEL02,DEH,1,2
GOARES18DEL01,GOA,18,1
KOCRES06DEL03,KOC,6,3
KOLRES07DEL03,KOL,7,3
KOCRES19DEL03,KOC,19,3
DEHRES03DEL02,DEH,3,2
KNPRES06DEL02,KNP,6,2
LUDHRES18DEL02,LUDH,18,2
BHPRES14DEL01,BHP,14,1
MYSRES03DEL02,MYS,3,2
BHPRES02DEL03,BHP,2,3
KNPRES08DEL03,KNP,8,3
AURGRES17DEL01,AURG,17,1
KOLRES09DEL01,KOL,9,1
GOARES17DEL02,GOA,17,2
KOCRES20DEL02,KOC,20,2
ALHRES16DEL01,ALH,16,1
ALHRES13DEL02,ALH,13,2
KOLRES010DEL01,KOL,10,1
LUDHRES09DEL01,LUDH,9,1
DEHRES08DEL02,DEH,8,2
ALHRES19DEL02,ALH,19,2
DEHRES03DEL01,DEH,3,1
DEHRES010DEL02,DEH,10,2
KOCRES01DEL01,KOC,1,1
AURGRES010DEL03,AURG,10,3
ALHRES17DEL02,ALH,17,2
KOLRES13DEL01,KOL,13,1
AGRRES18DEL03,AGR,18,3
MUMRES14DEL01,MUM,14,1
ALHRES02DEL03,ALH,2,3
DEHRES20DEL03,DEH,20,3
KOLRES01DEL01,KOL,1,1
ALHRES03DEL02,ALH,3,2
AURGRES05DEL01,AURG,5,1
KOCRES20DEL03,KOC,20,3
BHPRES19DEL03,BHP,19,3
AGRRES20DEL02,AGR,20,2
ALHRES20DEL03,ALH,20,3
LUDHRES04DEL02,LUDH,4,2
DEHRES02DEL02,DEH,2,2
LUDHRES19DEL03,LUDH,19,3
LUDHRES14DEL02,LUDH,14,2
BHPRES05DEL02,BHP,5,2
KOCRES09DEL01,KOC,9,1
KOCRES11DEL02,KOC,11,2
DEHRES12DEL01,DEH,12,1
AGRRES06DEL02,AGR,6,2
AURGRES16DEL02,AURG,16,2
AGRRES20DEL01,AGR,20,1
BHPRES09DEL03,BHP,9,3
AURGRES01DEL03,AURG,1,3
GOARES06DEL03,GOA,6,3
AGRRES05DEL03,AGR,5,3
GOARES06DEL01,GOA,6,1
LUDHRES07DEL01,LUDH,7,1
KOCRES07DEL03,KOC,7,3
KOCRES13DEL01,KOC,13,1
AURGRES11DEL02,AURG,11,2
AGRRES02DEL01,AGR,2,1
KOCRES05DEL01,KOC,5,1
AURGRES11DEL03,AURG,11,3
KOCRES17DEL03,KOC,17,3
ALHRES02DEL01,ALH,2,1
KNPRES04DEL01,KNP,4,1
KNPRES17DEL01,KNP,17,1
BHPRES05DEL03,BHP,5,3
KOCRES01DEL02,KOC,1,2
AGRRES19DEL03,AGR,19,3
GOARES20DEL03,GOA,20,3
KNPRES20DEL03,KNP,20,3
AGRRES18DEL01,AGR,18,1
BHPRES18DEL02,BHP,18,2
GOARES05DEL01,GOA,5,1
AGRRES12DEL01,AGR,12,1
BHPRES14DEL02,BHP,14,2
BHPRES19DEL01,BHP,19,1
KOLRES02DEL02,KOL,2,2
KOCRES04DEL03,KOC,4,3
KNPRES20DEL01,KNP,20,1
ALHRES15DEL01,ALH,15,1
AURGRES06DEL03,AURG,6,3
GOARES18DEL02,GOA,18,2
LUDHRES12DEL01,LUDH,12,1
KOLRES05DEL02,KOL,5,2
KOCRES19DEL01,KOC,19,1
AURGRES04DEL03,AURG,4,3
BHPRES11DEL02,BHP,11,2
ALHRES05DEL02,ALH,5,2
BHPRES11DEL01,BHP,11,1
BHPRES09DEL02,BHP,9,2
ALHRES13DEL01,ALH,13,1
GOARES12DEL03,GOA,12,3
KOCRES02DEL03,KOC,2,3
BHPRES17DEL02,BHP,17,2
ALHRES06DEL03,ALH,6,3
LUDHRES010DEL01,LUDH,10,1
LUDHRES06DEL01,LUDH,6,1
DEHRES01DEL03,DEH,1,3
KOLRES20DEL01,KOL,20,1
BHPRES20DEL03,BHP,20,3
KNPRES02DEL01,KNP,2,1
KNPRES20DEL02,KNP,20,2
ALHRES19DEL01,ALH,19,1
AURGRES010DEL02,AURG,10,2
KOCRES17DEL02,KOC,17,2
AGRRES08DEL01,AGR,8,1
DEHRES18DEL03,DEH,18,3
KOCRES18DEL02,KOC,18,2
DEHRES05DEL02,DEH,5,2
AGRRES11DEL01,AGR,11,1
KOLRES07DEL01,KOL,7,1
KNPRES18DEL03,KNP,18,3
LUDHRES01DEL01,LUDH,1,1
AGRRES16DEL02,AGR,16,2
AURGRES09DEL01,AURG,9,1
KOCRES06DEL02,KOC,6,2
KNPRES18DEL01,KNP,18,1
BHPRES08DEL03,BHP,8,3
AURGRES13DEL01,AURG,13,1
LUDHRES03DEL02,LUDH,3,2
KNPRES05DEL01,KNP,5,1
GOARES01DEL03,GOA,1,3
KOCRES08DEL03,KOC,8,3
KOCRES04DEL01,KOC,4,1
BHPRES06DEL03,BHP,6,3
GOARES03DEL03,GOA,3,3
